Position,Strand,Sequence,PAM,Specificity score,Efficiency score,SpliceAI Checked?,Splice AI donor score,InterLoxDistance,Notes
29749,1,gccactttgatgagggtgct,ggg,68.113213,58.15009431,Yes,0.407,429,Less than 3 mismatches
29741,1,ggttgtgagccactttgatg,agg,67.5889777,57.0259276,Yes,0.405,421,Less than 3 mismatches
29702,1,gaacatacttccagattccc,tgg,62.6199532,47.20066455,Yes,0.371,382,Seed region 0 mismatch
30176,1, ATAGAGATATTTTATTCTAG,tgg,Checked,43.79,Yes,0.457,856,Seed region 0 mismatch
30093,1,TGAGCAGTGTAGGTTTCTGG,tgg,Checked,67.57,Yes,0.436,773,New sgRNA no. 4
29658,1,tatgtatgctgttgtctaag,agg,56.2,52.1,Yes,0.325,338,Old sgRNA design 
29739,-1,tcccagcaccctcatcaaag,tgg,65.0859729,69.25455382,Yes,0.406,420,Less than 3 mismatches
29644,-1,cttagacaacagcatacata,tgg,60.3600752,50.01582484,Yes,0.347,325,New sgRNA no. 7 
30003,-1,TATCAAACACTAACTAGTAA,ggg,Checked,53.9,Yes,0.443,684,New sgRNA no. 8
30090,1,GTATGAGCAGTGTAGGTTTC,tgg,Checked,30.18,Yes,0.429,770,New sgRNA no.9